,sum
experi,6696.440504282121
engin,4580.270805342478
qualif,3968.9064260237947
product,3792.6881986228004
project,3778.142501999794
data,3646.5811386573537
system,3599.129083995519
amazon,3571.6287063849336
work,3549.636707652708
degre,3529.719901866369
develop,3507.38479493295
design,3493.101349352346
manag,3464.1237265228
team,3347.8899710010305
softwar,3330.0663678529454
prefer,3250.656384867342
technic,2892.4674846275148
network,2858.6070116983033
custom,2807.996292944114
appli,2791.5667902473265
job,2640.8403167372876
comput,2605.8174993907032
equival,2591.8117898573882
technolog,2525.880451692915
test,2518.236924020001
usaminimum,2493.17222193627
secur,2371.010853567557
role,2329.936582886426
program,2282.7466814038808
bachelor,2237.5085900609556
jobot,2230.7138075048438
busi,2230.5227902567594
solut,2120.746363289893
build,2098.201657169475
oper,2056.406852517928
scienc,2048.9012408600756
support,2029.4610549493111
new,2015.392987890378
field,2007.3435833993426
relat,1968.970732616758
opportun,1945.5298300065767
practic,1908.3311192876874
locat,1905.6335542881754
ca,1896.388341144572
googl,1889.819270144248
follow,1879.2838133829612
respons,1858.6411640683916
us,1804.108770114117
skill,1786.6386479134862
look,1784.300970599721
need,1781.3410261545525
posit,1771.1582094621174
electr,1771.042553645341
compani,1733.0019505907212
use,1731.1022261360486
deliv,1712.0755474219663
client,1706.1047189096387
requir,1687.3113950472678
cloud,1687.2554528737865
servic,1663.6313033769222
global,1622.4016274768328
lead,1611.6232785752347
includ,1610.9850327441734
one,1586.4486447852178
join,1549.0937949289394
eg,1539.8368103624025
organ,1533.8873071919463
note,1529.2275689168487
process,1527.7337728164716
youll,1525.469396890119
wa,1514.6895249171728
drive,1506.6081222485705
help,1495.9951332750404
environ,1492.6726971820474
industri,1490.6621197304012
master,1486.3170540034691
make,1476.1364042639389
tool,1472.7319370614507
share,1464.1227456369393
qualiti,1459.2478646653385
across,1429.4617147607928
perform,1411.0638957347069
plan,1395.4189772796183
infrastructur,1378.3882744601335
ensur,1372.5334672195436
complex,1360.0552442531732
innov,1356.4220511261788
learn,1352.7889046476566
research,1351.6595555606864
hardwar,1335.396657217729
phd,1332.937781473527
descript,1331.5471181503344
analysi,1328.3943697858356
world,1324.9430840282148
commun,1322.5108570122168
power,1319.551666911936
day,1312.6684947966203
andor,1309.4117953313084
control,1305.1116908030526
understand,1297.065413223531
execut,1281.4728726486346
maintain,1271.69283609311
applic,1268.0941075817295
problem,1258.2812813644086
provid,1248.2055949188675
architectur,1239.4845569110707
set,1238.7387077569829
r,1221.0708863238333
implement,1218.1186244080488
collabor,1214.1145438457409
within,1202.6609415936837
candid,1202.1403334615763
analyt,1191.8857134215125
interact,1191.4402144746216
leadership,1162.7840450404078
inform,1160.416400227959
creat,1158.354147389532
solv,1154.5837258113188
manufactur,1151.0147283598017
user,1149.1772586763427
partner,1137.942764872873
larg,1127.2022741954377
area,1119.3328230496363
construct,1107.2509674367393
were,1104.3164555446638
sunnyval,1102.8839151107477
improv,1102.3315565111118
platform,1099.8455358692718
level,1090.5953402581767
key,1084.2341346399262
advertis,1081.9199308928721
chang,1075.0289824226759
equip,1069.4070323167996
connect,1064.9423912338302
senior,1057.663816620885
seek,1056.235445001979
click,1045.2232784497182
scale,1040.3146634156885
must,1033.5287739687599
integr,1014.7129869622428
knowledg,1014.6953780040511
center,1011.9664810537772
abil,1000.7810824689666
insight,996.2600439342559
easi,994.7585498194928
seattl,986.6866264010063
specif,985.5628707361252
detail,984.5932908636328
well,981.124380245489
python,979.9305129828128
aerospac,979.8368402168581
digit,978.8164385462054
expertis,978.6371301174904
base,974.205440081508
deliveri,962.0420081311895
autom,961.5272391265628
strategi,960.663776868608
model,952.2001467030238
salari,950.6888664792905
code,947.5398357104818
firm,946.1382625964984
challeng,944.8203388662031
grow,937.843560682146
search,937.7035232789506
contract,936.3252524747351
packag,935.9774662620629
devic,935.2483933400698
minimum,931.335198105474
function,931.0098996367556
intern,928.3145518697187
mission,927.7216882357098
also,923.3233781413076
person,920.7833293482599
peopl,919.2498116300294
strong,918.020325837626
deploy,915.1140881431932
bring,913.5856128940508
sale,910.6816254595947
direct,909.5615422675058
distribut,906.2308058156516
multipl,899.9138025201078
cost,898.1991334425948
schedul,896.0796555819358
k,896.0168831120678
languag,890.948380038794
advanc,888.310825856797
individu,888.2271200174168
big,886.7227254946075
order,879.6981997691275
number,869.6871154328251
passion,866.7361912039958
kirkland,864.8038613688633
humancomput,859.7145592883695
ux,859.5033431346432
per,857.5780763047571
market,852.9546814428695
part,850.2705351321529
mile,850.1006880221273
